{
  "src": [
    "sounds.webm",
    "sounds.mp3"
  ],
  "sprite": {
    "sound1": [
      0,
      14769.22902494331
    ],
    "sound2": [
      16000,
      14769.251700680272
    ],
    "sound3": [
      32000,
      14769.251700680272
    ]
  }
}